{"cameraMode":{"drawMode":0,"name":"Shaded","section":"Shading Mode"},"sceneLighting":false,"audioPlay":false,"sceneViewState":{"m_AlwaysRefresh":false,"showFog":true,"showSkybox":false,"showFlares":true,"showImageEffects":true,"showParticleSystems":true,"showVisualEffectGraphs":true,"m_FxEnabled":true},"in2DMode":false,"pivot":{"x":10.099285125732422,"y":1.3090195655822755,"z":3.224346160888672},"rotation":{"x":-0.00036174943670630455,"y":0.9977807402610779,"z":-0.06625886261463165,"w":-0.005369430873543024},"size":0.17320525646209718,"orthographic":false}